layer,weight
1,0.15357016026973724
3,0.19788049161434174
6,0.2649226486682892
9,0.22782613337039948
12,0.15580059587955475
