layer,soft_weight,hard_selected
1,0.1405159831047058,0
3,0.18588918447494507,0
6,0.2861780524253845,0
9,0.26162898540496826,1
12,0.12578774988651276,0
