layer,salience_share
1,0.19026049971580505
3,0.1972930133342743
6,0.21120083332061768
9,0.2033405303955078
12,0.19790510833263397
