group,weight
early,0.3307313323020935
mid,0.4056166112422943
late,0.2636520266532898
