{
  "experiment": "B3",
  "title": "Landmark MDS-32 + CNN-1D (HuBERT-large, distance-preserving reduction)",
  "device": "cuda",
  "hubert_alias": "hubert-large",
  "hubert_layer": 21,
  "pre_pca_dim": 128,
  "mds_dim": 32,
  "n_landmarks": 3000,
  "mds_stress": 19857190.676630262,
  "ridge_alpha": 1.0,
  "n_params": 157957,
  "loss": "MultiLabelSoftMarginLoss",
  "epochs": 30,
  "best_epoch": 17,
  "macro_f1": 0.46428443356590404,
  "micro_f1": 0.4906576980568012,
  "macro_precision": 0.5827702033224966,
  "macro_recall": 0.39252699216825093,
  "macro_auprc": 0.5398442812884372,
  "per_class": {
    "Block": {
      "f1": 0.5287214329833231,
      "precision": 0.5850991114149009,
      "recall": 0.48225352112676056,
      "auprc": 0.5936015278801452
    },
    "Prolongation": {
      "f1": 0.4498539435248296,
      "precision": 0.6218034993270525,
      "recall": 0.3524027459954233,
      "auprc": 0.5761940395021844
    },
    "SoundRep": {
      "f1": 0.4283783783783784,
      "precision": 0.5580985915492958,
      "recall": 0.3475877192982456,
      "auprc": 0.5001380053439104
    },
    "WordRep": {
      "f1": 0.3509090909090909,
      "precision": 0.5316804407713499,
      "recall": 0.2618724559023066,
      "auprc": 0.42011345427013963
    },
    "Interjection": {
      "f1": 0.5635593220338984,
      "precision": 0.617169373549884,
      "recall": 0.5185185185185185,
      "auprc": 0.6091743794458064
    }
  },
  "best_checkpoint": "artifacts\\checkpoints\\B3\\b3_best.pt"
}