{
  "experiment": "B6",
  "title": "UMAP-32 + CNN-1D (HuBERT-large, topology-preserving reduction)",
  "device": "cuda",
  "hubert_alias": "hubert-large",
  "hubert_layer": 21,
  "pre_pca_dim": 128,
  "umap_dim": 32,
  "n_neighbors": 15,
  "min_dist": 0.1,
  "metric": "euclidean",
  "n_params": 157957,
  "loss": "MultiLabelSoftMarginLoss",
  "epochs": 30,
  "best_epoch": 13,
  "macro_f1": 0.4655785852951636,
  "micro_f1": 0.483325719506624,
  "macro_precision": 0.5456237590885611,
  "macro_recall": 0.4078653126083479,
  "macro_auprc": 0.525179121611594,
  "per_class": {
    "Block": {
      "f1": 0.5118391177424586,
      "precision": 0.6032110091743119,
      "recall": 0.4445070422535211,
      "auprc": 0.602451995458803
    },
    "Prolongation": {
      "f1": 0.4430798299480397,
      "precision": 0.5818858560794045,
      "recall": 0.35774218154080856,
      "auprc": 0.5492804033352406
    },
    "SoundRep": {
      "f1": 0.46033653846153844,
      "precision": 0.5093085106382979,
      "recall": 0.4199561403508772,
      "auprc": 0.47900006681674556
    },
    "WordRep": {
      "f1": 0.35736196319018404,
      "precision": 0.4109347442680776,
      "recall": 0.31614654002713705,
      "auprc": 0.3601983258583016
    },
    "Interjection": {
      "f1": 0.5552754771335974,
      "precision": 0.622778675282714,
      "recall": 0.5009746588693957,
      "auprc": 0.6349648165888792
    }
  },
  "best_checkpoint": "artifacts\\checkpoints\\B6\\b6_best.pt"
}