stream,mean_attn_weight
hubert,0.5006276369094849
whisper,0.49937236309051514
