stream,mean_attn_weight
hubert,0.4966367781162262
whisper,0.5033631920814514
