{
  "experiment": "D2",
  "title": "BiLSTM + Attention Pooling (HuBERT-large PCA-64)",
  "device": "cuda",
  "hubert_alias": "hubert-large",
  "hubert_layer": 21,
  "ssl_pca_dim": 64,
  "lstm_hidden": 128,
  "lstm_layers": 2,
  "attn_dim": 64,
  "n_params": 710533,
  "loss": "MultiLabelSoftMarginLoss",
  "epochs": 30,
  "best_epoch": 26,
  "batch_size": 256,
  "lr": 0.0003,
  "threshold": 0.5,
  "macro_f1": 0.452785496460374,
  "micro_f1": 0.4672288233039479,
  "macro_precision": 0.5772662816565061,
  "macro_recall": 0.37471972554609917,
  "macro_auprc": 0.5331976025537633,
  "top5_attn_pca_dims": [
    1,
    2,
    0,
    3,
    4
  ],
  "mean_attn_weights": [
    0.195232555270195,
    0.28042590618133545,
    0.2627677023410797,
    0.13146434724330902,
    0.03729548677802086,
    0.01006372831761837,
    0.003874597605317831,
    0.0022396016865968704,
    0.0016542257508262992,
    0.0014057562220841646,
    0.001289347535930574,
    0.0012381391134113073,
    0.0012177040334790945,
    0.0012137946905568242,
    0.0012188630644232035,
    0.0012307377764955163,
    0.0012469568755477667,
    0.0012615947052836418,
    0.0012765972642228007,
    0.0012885676696896553,
    0.0013013997813686728,
    0.0013147086137905717,
    0.001324221258983016,
    0.0013321016449481249,
    0.0013383497716858983,
    0.0013451711274683475,
    0.0013501360081136227,
    0.0013536226470023394,
    0.001355344895273447,
    0.0013570256996899843,
    0.0013577978825196624,
    0.0013586262939497828,
    0.0013603039551526308,
    0.001359495217911899,
    0.001362500013783574,
    0.0013637113152071834,
    0.0013643192360177636,
    0.0013648836174979806,
    0.001364156836643815,
    0.0013654723297804594,
    0.0013657305389642715,
    0.0013656135415658355,
    0.0013680679257959127,
    0.0013703362783417106,
    0.00137143989559263,
    0.0013712570071220398,
    0.0013729700585827231,
    0.0013732889201492071,
    0.0013744401512667537,
    0.0013756449334323406,
    0.0013751430669799447,
    0.0013745797332376242,
    0.0013744987081736326,
    0.001375140156596899,
    0.0013779491418972611,
    0.0013793061953037977,
    0.0013831198448315263,
    0.0013882700586691499,
    0.0013986965641379356,
    0.0014122870052233338,
    0.0014339650515466928,
    0.001481913961470127,
    0.0016231425106525421,
    0.002012541051954031
  ],
  "per_class": {
    "Block": {
      "f1": 0.504169339320077,
      "precision": 0.5852568875651526,
      "recall": 0.4428169014084507,
      "auprc": 0.5658641563296616
    },
    "Prolongation": {
      "f1": 0.4795771263815473,
      "precision": 0.6480519480519481,
      "recall": 0.38062547673531655,
      "auprc": 0.5959715863409148
    },
    "SoundRep": {
      "f1": 0.4535554131966688,
      "precision": 0.5454545454545454,
      "recall": 0.3881578947368421,
      "auprc": 0.4987840707578044
    },
    "WordRep": {
      "f1": 0.35783879539415414,
      "precision": 0.5153061224489796,
      "recall": 0.27408412483039346,
      "auprc": 0.43403266918950595
    },
    "Interjection": {
      "f1": 0.46878680800942285,
      "precision": 0.5922619047619048,
      "recall": 0.38791423001949316,
      "auprc": 0.5713355301509293
    }
  },
  "best_checkpoint": "artifacts\\checkpoints\\D2\\d2_best.pt"
}