{
  "experiment": "D7",
  "title": "Atrous-CNN Dual-SSL Fusion (HuBERT+Whisper, dilated multi-scale)",
  "device": "cuda",
  "hubert_alias": "hubert-large",
  "hubert_layer": 21,
  "hubert_dim": 1024,
  "whisper_alias": "whisper-large",
  "whisper_layer": 28,
  "whisper_dim": 1280,
  "d_model": 256,
  "n_dilation_layers": 5,
  "dilations": [
    1,
    2,
    4,
    8,
    16
  ],
  "n_params": 4074245,
  "loss": "MultiLabelSoftMarginLoss",
  "epochs": 40,
  "best_epoch": 2,
  "macro_f1": 0.6493750957459603,
  "micro_f1": 0.6487352445193929,
  "macro_precision": 0.6869172248380471,
  "macro_recall": 0.6177455261051421,
  "macro_auprc": 0.7260678927986234,
  "per_class": {
    "Block": {
      "f1": 0.5629348513598988,
      "precision": 0.6416726748377793,
      "recall": 0.5014084507042254,
      "auprc": 0.6440844078040897
    },
    "Prolongation": {
      "f1": 0.6127691726482811,
      "precision": 0.6070359281437125,
      "recall": 0.6186117467581999,
      "auprc": 0.6783454570103532
    },
    "SoundRep": {
      "f1": 0.599647266313933,
      "precision": 0.6463878326996197,
      "recall": 0.5592105263157895,
      "auprc": 0.6712052773966282
    },
    "WordRep": {
      "f1": 0.6882022471910112,
      "precision": 0.7132459970887919,
      "recall": 0.6648575305291723,
      "auprc": 0.7575209832428198
    },
    "Interjection": {
      "f1": 0.7833219412166781,
      "precision": 0.8262436914203316,
      "recall": 0.7446393762183235,
      "auprc": 0.879183338539226
    }
  },
  "best_checkpoint": "artifacts\\checkpoints\\D7\\d7_best.pt"
}