{
  "experiment": "E3",
  "title": "HGNN multi-relational hyperedges (SSL + MFCC clusters, HuBERT-large PCA-32)",
  "device": "cuda",
  "hubert_alias": "hubert-large",
  "hubert_layer": 21,
  "ssl_pca_dim": 32,
  "n_ssl_clusters": 100,
  "n_mfcc_clusters": 50,
  "n_hyperedges": 150,
  "n_params": 6821,
  "n_nodes": 20906,
  "loss": "MultiLabelSoftMarginLoss",
  "setting": "transductive",
  "epochs": 200,
  "best_epoch": 200,
  "macro_f1": 0.3329674868804346,
  "micro_f1": 0.391943385955362,
  "macro_precision": 0.6292005782018739,
  "macro_recall": 0.24730996934898325,
  "macro_auprc": 0.5161533991670206,
  "per_class": {
    "Block": {
      "f1": 0.5038216560509554,
      "precision": 0.5794871794871795,
      "recall": 0.4456338028169014,
      "auprc": 0.578148320913749
    },
    "Prolongation": {
      "f1": 0.3468208092485549,
      "precision": 0.7159904534606205,
      "recall": 0.2288329519450801,
      "auprc": 0.5583028588591636
    },
    "SoundRep": {
      "f1": 0.2607944732297064,
      "precision": 0.6138211382113821,
      "recall": 0.16557017543859648,
      "auprc": 0.4606223992333803
    },
    "WordRep": {
      "f1": 0.1175030599755202,
      "precision": 0.6,
      "recall": 0.06512890094979647,
      "auprc": 0.3753680120224396
    },
    "Interjection": {
      "f1": 0.4358974358974359,
      "precision": 0.6367041198501873,
      "recall": 0.3313840155945419,
      "auprc": 0.6083254048063705
    }
  },
  "best_checkpoint": "artifacts\\checkpoints\\E3\\e3_best.pt"
}