{
  "experiment": "E4",
  "title": "ST-GCN: spatial k-NN + temporal episode edges (HuBERT-large PCA-32)",
  "device": "cuda",
  "hubert_alias": "hubert-large",
  "hubert_layer": 21,
  "ssl_pca_dim": 32,
  "k_nn": 10,
  "temporal_lambda": 0.5,
  "gcn_hidden": 64,
  "gcn_out": 32,
  "n_params": 6757,
  "n_nodes": 20906,
  "loss": "MultiLabelSoftMarginLoss",
  "setting": "transductive",
  "epochs": 200,
  "best_epoch": 200,
  "macro_f1": 0.4618090398188692,
  "micro_f1": 0.5013580122724072,
  "macro_precision": 0.674679276188699,
  "macro_recall": 0.3635479895561411,
  "macro_auprc": 0.6005633024096049,
  "per_class": {
    "Block": {
      "f1": 0.5429398520424574,
      "precision": 0.6326836581709145,
      "recall": 0.4754929577464789,
      "auprc": 0.627014026310003
    },
    "Prolongation": {
      "f1": 0.4605059370160041,
      "precision": 0.7124600638977636,
      "recall": 0.34019832189168575,
      "auprc": 0.6394295983170964
    },
    "SoundRep": {
      "f1": 0.4275147928994083,
      "precision": 0.6568181818181819,
      "recall": 0.3168859649122807,
      "auprc": 0.5550521306046926
    },
    "WordRep": {
      "f1": 0.2760084925690021,
      "precision": 0.6341463414634146,
      "recall": 0.17639077340569878,
      "auprc": 0.45981709035735163
    },
    "Interjection": {
      "f1": 0.6020761245674741,
      "precision": 0.7372881355932204,
      "recall": 0.5087719298245614,
      "auprc": 0.7215036664588809
    }
  },
  "best_checkpoint": "artifacts\\checkpoints\\E4\\e4_best.pt",
  "e1_baseline_macro_f1": 0.4676
}