{
  "experiment": "G1",
  "fixes_applied": [
    "feature_augmentation",
    "soft_labels",
    "fluencybank",
    "ensemble_c4_d7"
  ],
  "g1_improved": {
    "f1_Block": 0.34942528735632183,
    "pre_Block": 0.4175824175824176,
    "rec_Block": 0.30039525691699603,
    "f1_Prolongation": 0.5290763968072976,
    "pre_Prolongation": 0.48232848232848236,
    "rec_Prolongation": 0.5858585858585859,
    "f1_SoundRep": 0.5576923076923077,
    "pre_SoundRep": 0.5918367346938775,
    "rec_SoundRep": 0.5272727272727272,
    "f1_WordRep": 0.7445589919816724,
    "pre_WordRep": 0.8165829145728644,
    "rec_WordRep": 0.6842105263157895,
    "f1_Interjection": 0.8193440800444691,
    "pre_Interjection": 0.8442153493699885,
    "rec_Interjection": 0.7958963282937365,
    "macro_f1": 0.6000194127764138,
    "micro_f1": 0.6407616087040995,
    "macro_pre": 0.6305091797095261,
    "macro_rec": 0.578726684931567,
    "auprc_Block": 0.33769249436322857,
    "auprc_Prolongation": 0.5174424571349207,
    "auprc_SoundRep": 0.6110783586674218,
    "auprc_WordRep": 0.8117077521188462,
    "auprc_Interjection": 0.8934848387370871,
    "macro_auprc": 0.6342811802043009
  },
  "ensemble_c4_d7_g1": {
    "macro_f1": 0.6007036420554679,
    "micro_f1": 0.6030818278427205,
    "macro_pre": 0.4848568125033422,
    "macro_rec": 0.8299034394963639,
    "macro_auprc": 0.6648342259961973,
    "f1_Block": 0.393018018018018,
    "pre_Block": 0.2748031496062992,
    "rec_Block": 0.6897233201581028,
    "f1_Prolongation": 0.45885634588563456,
    "pre_Prolongation": 0.31695568400770713,
    "rec_Prolongation": 0.8308080808080808,
    "f1_SoundRep": 0.5867924528301887,
    "pre_SoundRep": 0.46074074074074073,
    "rec_SoundRep": 0.8077922077922078,
    "f1_WordRep": 0.7700631199278629,
    "pre_WordRep": 0.6735015772870663,
    "rec_WordRep": 0.8989473684210526,
    "f1_Interjection": 0.7947882736156352,
    "pre_Interjection": 0.6982829108748978,
    "rec_Interjection": 0.9222462203023758
  },
  "baseline_c4_macro_f1": 0.6587,
  "improvement_g1_alone": -0.058680587223586156,
  "improvement_ensemble": -0.05799635794453206
}