{
  "experiment": "G2",
  "method": "Pure ensemble C4+D7 (no retraining)",
  "c4_weight": 0.55,
  "d7_weight": 0.45,
  "best_threshold": 0.4,
  "c4_alone_macro_f1": 0.6587350975664592,
  "d7_alone_macro_f1": 0.649270240808141,
  "ensemble_macro_f1": 0.6753223680712044,
  "baseline_c4_macro_f1": 0.6587,
  "improvement_vs_baseline": 0.01662236807120443,
  "ensemble_results": {
    "macro_f1": 0.6753223680712044,
    "micro_f1": 0.6760974859690936,
    "macro_pre": 0.6564028024317495,
    "macro_rec": 0.6968193060714173,
    "macro_auprc": 0.7479403922936726,
    "f1_Block": 0.6356916578669483,
    "pre_Block": 0.5981122702434177,
    "rec_Block": 0.6783098591549296,
    "f1_Prolongation": 0.6259758694109298,
    "pre_Prolongation": 0.5852687458526875,
    "rec_Prolongation": 0.6727688787185355,
    "f1_SoundRep": 0.6327193932827736,
    "pre_SoundRep": 0.6252676659528907,
    "rec_SoundRep": 0.6403508771929824,
    "f1_WordRep": 0.6894736842105263,
    "pre_WordRep": 0.669220945083014,
    "rec_WordRep": 0.7109905020352781,
    "f1_Interjection": 0.7927512355848435,
    "pre_Interjection": 0.804144385026738,
    "rec_Interjection": 0.7816764132553606
  },
  "c4_results": {
    "macro_f1": 0.6587350975664592,
    "micro_f1": 0.659049597507141,
    "macro_pre": 0.7189739840690883,
    "macro_rec": 0.6086531827339132,
    "macro_auprc": 0.7458861108481457,
    "f1_Block": 0.6023072252580449,
    "pre_Block": 0.6530612244897959,
    "rec_Block": 0.5588732394366197,
    "f1_Prolongation": 0.5887372013651877,
    "pre_Prolongation": 0.6679574056147144,
    "rec_Prolongation": 0.5263157894736842,
    "f1_SoundRep": 0.6209824135839903,
    "pre_SoundRep": 0.694708276797829,
    "rec_SoundRep": 0.5614035087719298,
    "f1_WordRep": 0.6948555320648344,
    "pre_WordRep": 0.7228739002932552,
    "rec_WordRep": 0.6689280868385346,
    "f1_Interjection": 0.7867931155602389,
    "pre_Interjection": 0.8562691131498471,
    "rec_Interjection": 0.7277452891487979
  },
  "d7_results": {
    "macro_f1": 0.649270240808141,
    "micro_f1": 0.6486213002782697,
    "macro_pre": 0.6868583538160461,
    "macro_rec": 0.6175929708038453,
    "macro_auprc": 0.7260642318762593,
    "f1_Block": 0.5629348513598988,
    "pre_Block": 0.6416726748377793,
    "rec_Block": 0.5014084507042254,
    "f1_Prolongation": 0.6122448979591837,
    "pre_Prolongation": 0.6067415730337079,
    "rec_Prolongation": 0.6178489702517163,
    "f1_SoundRep": 0.599647266313933,
    "pre_SoundRep": 0.6463878326996197,
    "rec_SoundRep": 0.5592105263157895,
    "f1_WordRep": 0.6882022471910112,
    "pre_WordRep": 0.7132459970887919,
    "rec_WordRep": 0.6648575305291723,
    "f1_Interjection": 0.7833219412166781,
    "pre_Interjection": 0.8262436914203316,
    "rec_Interjection": 0.7446393762183235
  }
}